"","sample_pt","prop_blueberry_250","prop_edge_250","landscape_shdi_250","prop_blueberry_500","prop_edge_500","landscape_shdi_500","prop_blueberry_750","prop_edge_750","landscape_shdi_750","prop_blueberry_1000","prop_edge_1000","landscape_shdi_1000"
"1","ED01",NA,NA,0.388750145019391,0.00033933761805327,0.0511001783111154,0.713468789734675,0.0367683597294341,0.0612775844670513,1.17270001129749,0.0742266460434703,0.0812070168919757,1.40133045574255
"2","ED02",NA,0.203109706930914,1.19911275548174,NA,0.120088557208872,1.13863412466699,0.0100603701352406,0.116333629370673,1.55919146342675,0.044851726949433,0.109780495633676,1.85038609867649
"3","ED03",NA,0.0358090118416715,0.795544716494167,0.0260742804345036,0.0410050976768777,0.777249937138977,0.126459263848697,0.0381038091937792,1.04748088112655,0.210628283660553,0.0485091803315195,1.32896077402438
"4","ED03A",NA,0.0715843502429425,0.493295503468422,NA,0.0420193700907496,0.752844616376238,0.0848888228067726,0.0490003917815205,1.1733949230063,0.159469051548727,0.0544281334980829,1.36054666103284
"5","ED04",NA,0.115182927447739,1.59709271034013,NA,0.11012476282101,1.57921238184118,NA,0.1085422419958,1.62893169736321,0.023564110248134,0.107788044851055,1.67230744430679
"6","ED05",NA,0.139025961182479,1.42852294779646,NA,0.0787470830176976,1.27893803226026,0.0236160467459107,0.109322724749305,1.49326134020577,0.0486165899766876,0.0922923389764942,1.59773467631602
"7","ED06",NA,0.0635732035093057,0.607579828031376,NA,0.0957921506178519,1.03811608583811,0.0178979466543955,0.123098979149966,1.3531522695988,0.0867731196426896,0.111542126016189,1.63529972370026
"8","ED07",0.138641527039637,0.0927978822670291,1.56731344150664,0.239508149842722,0.0565335366822356,1.43421671688742,0.238786673465534,0.0436056536127653,1.17952309674812,0.197924520258848,0.0509988019593659,1.19207049430424
"9","ED08",0.378533537543995,0.0738251970260977,1.55692563431034,0.366675944743334,0.0549795945861787,1.51167265166026,0.35677341412273,0.0469365061148897,1.28069677895484,0.310024473523389,0.0392129915502242,1.21937248816445
"10","ED09",0.291549181491774,0.0623618070065115,1.28112884342498,0.286625507081346,0.0458025356609087,1.39273389898202,0.364971318965776,0.039499948839389,1.42418390089088,0.415153925195886,0.0320518163395803,1.4422603276085
"11","ED10",0.163628894839338,0.0773541463810451,1.57532648733502,0.384144551302011,0.0365890081733965,1.44700945805608,0.356536511184854,0.0250159702867868,1.39596854564266,0.320226786931693,0.0215801979454672,1.35375122218561
"12","ED11",0.00631925954101686,0.230470394319767,1.57953397845501,0.132437756567492,0.123168918317807,2.14762551326701,0.273199979196393,0.0816535928055699,1.95577890815797,0.291732253906285,0.0727665238487292,1.92444694597166
"13","ED12",NA,0.0266571993711011,0.205541729575511,NA,0.0371874725964636,0.727323733939783,0.0309100303690186,0.119014668936994,1.5059896882914,0.11415373750163,0.126581960355156,1.84248033773199
"14","ED13",0.284370451883142,0.135149114844546,1.83794940306931,0.193856231079525,0.0980026587159368,2.01313366514916,0.124812030925294,0.096406370483937,2.11020737185911,0.109498005037828,0.0762666625946661,1.98607344476999
"15","ED14",0.40618993767464,0.0819459305952097,1.4923075469331,0.274147344554647,0.0967368041116573,2.00289654487001,0.163161899550235,0.0930910542227931,1.91436516520663,0.170654093700453,0.0748556369660986,1.87276286360187
"16","ED15",NA,0.142199275766582,1.2672920404193,NA,0.155291635688913,1.78563690235086,0.0020865721085628,0.116794898611025,1.71155016237132,0.0228325565859167,0.0961335475353513,1.74144866788849
"17","ED16",NA,0.204681002130033,1.80048115196819,NA,0.147595735919843,1.8638982097854,NA,0.116664989535834,1.82249105822103,0.000618756563352878,0.0941340287160308,1.72778416918786
"18","ED17",NA,0.0741302363322852,1.24107960936495,0.0712676224596525,0.0632368771215897,1.5282189566647,0.109382455299297,0.103297800411109,1.73585891458707,0.0700473317286738,0.113353731978599,1.92910270059993
"19","ED19",0.0145391293764453,0.0760933506430281,1.52766881566576,0.0483369172347532,0.0656807125101035,1.81376783865927,0.0469301711886195,0.0758109723074905,1.86673258142343,0.108548199760322,0.0724616472613776,1.89890792974351
"20","ED19A",NA,0.0501739403835817,1.15898711764275,0.0446948177803196,0.0735385886315254,1.83325354336711,0.0543969717149767,0.080844717856412,1.94478433012628,0.113648473897435,0.0785947990513653,1.96673275719591
"21","ED20",0.486646312394129,0.0417549981234848,1.1668080281305,0.268046346884853,0.0334524159019075,1.3980874250454,0.158245322847074,0.0623194517778665,1.82114317050147,0.142843190992349,0.0624095543097242,2.07679902305037
"22","ED20A",0.329471852952663,0.0396376565345073,1.24232480497197,0.241494791640188,0.0358878613950982,1.45679534041343,0.146034321443411,0.0596636826439553,1.86733220657947,0.137288642444256,0.0659209701689588,2.09854822626495
"23","ED21",0.671619538317985,0.0460515639579699,1.23096817659932,0.27033251104748,0.0566347792600952,1.78196713216271,0.237398285739483,0.0628466086201458,1.94753141725472,0.21070615324026,0.0688599457544214,2.07252998750989
"24","ED21A",0.465517503689391,0.0515601941304447,1.51398856191427,0.256223366330594,0.0613700747172526,1.91113292358344,0.224060678283443,0.0551772364856614,1.92982684935447,0.212611270206148,0.0730087158347739,2.11694792069339
"25","ED22",0.702394717624148,0.0261785946121389,0.764449541992921,0.539282500495686,0.0274228890120337,0.861796580106872,0.494800700099271,0.0295280887696931,0.995264573016872,0.438840086568491,0.0307303508581612,1.33065621704443
"26","ED22A",0.517351021587987,0.0357213491351113,0.88516546328012,0.427581403801746,0.0274538062576174,0.861960784367218,0.387040571281267,0.0269337047807269,1.01776554405942,0.385757840469439,0.0317452086815388,1.15324185310512
"27","ED22B",0.480936973852364,0.0346065683510153,0.89737262686249,0.545523983335833,0.0254575910161939,0.842164349937751,0.531604437301326,0.0328303313956085,1.0241619344042,0.464110430618844,0.0266475710328312,1.29619580001907
"28","ED23",0.714708104900673,0.0428751832110236,0.78407122780108,0.442764633735598,0.0260271099841763,1.0564279471355,0.336153185590713,0.022803604752593,1.07280513858177,0.335542933711352,0.0417429639969918,1.25156092088757
"29","ED23A",0.238582078198692,0.042233378974593,0.967487308670184,0.244383271949022,0.0250951266194401,1.03784495910811,0.241690235754952,0.0329767489978309,1.026715910665,0.277988537834214,0.0385857920681049,1.15578214290733
"30","ED24",0.860405550709054,0.0094185551114808,0.491390446740375,0.681271447090821,0.0102742685747693,0.781663933594037,0.495005325391603,0.0506217479495546,1.45386015138321,0.399959789032395,0.0571931026738067,1.72547953708823
"31","ED24A",0.504962345005959,0.00520323554022872,0.800718804386722,0.616254124154199,0.0123101872327879,0.910722827821068,0.534388740713271,0.0498162157517403,1.38678270172152,0.461838816894526,0.0568558936406299,1.6834570993868
"32","ED25",0.868446008651598,0.0217659200056798,0.499000080359661,0.666568806126832,0.0358118739149554,1.13009658922668,0.3909806655055,0.0510195255725133,1.59422689035756,0.335074190282016,0.0609447327492444,1.68775125550562
"33","ED25A",0.396155133419203,0.143703282994757,1.69709998400958,0.367402338934542,0.0902073319828075,1.89737099819022,0.365840242500167,0.0698211210770951,1.82839332700747,0.324450248372417,0.0661216205683855,1.80153396501225
"34","ED25B",0.237363261538774,0.219912467099091,1.71365262543171,0.278327599288784,0.103787265464445,2.04127570137346,0.333432639902133,0.072949060252706,1.87618015766134,0.315060187113064,0.0692052387076989,1.87724300759606
"35","ED26",0.652844905846017,0.0485908599887411,1.188617988902,0.466483315371007,0.060314018748602,1.56015258437473,0.390288948196455,0.0681625590115623,1.83799336840826,0.318185187364898,0.0609496208801434,2.01516771708534
"36","ED26A",0.369351410847523,0.0851327155327642,1.70290531522439,0.408295860966291,0.0598714797369605,1.76458596650965,0.359992266218469,0.0654465608698921,1.88878487137037,0.32133932477035,0.064062035232831,2.01284971891697
"37","ED27",NA,0.0856113830623684,1.33375753305581,0.0914800998976875,0.0688188305869942,1.48643188151128,0.164571918311598,0.0752809141213477,1.78033864115952,0.174191395350243,0.0810620017452734,2.01142601311738
"38","ED27A",0.0539516722026421,0.0745353584015822,1.40915144845529,0.123315875160294,0.0469413458764439,1.3950385464219,0.13798590987157,0.0727085450941773,1.63297198328939,0.135229489484675,0.0808494082226574,1.98163916989409
"39","ED28",NA,0.206766097500368,1.83385280668831,0.0808783533036109,0.113686969076148,1.9825755047225,0.23687330158915,0.0845481428635228,1.92788273630871,0.280044078635318,0.0712377679082976,1.96332003838568
"40","ED28A",NA,0.185203967787086,1.83957162411269,0.155514520390566,0.110778424088687,1.95727398102545,0.259080424680303,0.082509638976516,1.90899874689121,0.280910211003807,0.0700279283311749,1.96699580569426
"41","ED29",0.326465412759829,0.0938858096218502,1.55212924209727,0.235243726359458,0.0703852645707081,1.41284173049337,0.124474180354513,0.090129769546697,1.5347171012529,0.0700456158779776,0.0994893146738444,1.83430378870229
"42","ED31",NA,0.138470043465251,1.42030216002003,NA,0.141937968632226,1.54879611642739,0.00997839239900906,0.132115611406914,1.65032983224477,0.0562205531006531,0.118253021438774,1.76244625550584
"43","ED32",NA,0.319027863714283,1.3049479280936,NA,0.189124844768656,1.31179130048513,6.21873671451702e-06,0.14545512107315,1.42949540143063,0.0290162459036889,0.137828201962412,1.66609265166296
"44","HR01",0.440893482991058,0.0796506408468206,1.68327227164946,0.240370316706195,0.110505270810614,1.95521823903464,0.11935617913688,0.0925201335357287,1.97238895307281,0.121532970600577,0.0971918274738409,2.05141568921741
"45","HR03",NA,0.0425898784377964,0.696739053852319,0.0555880349353858,0.0870957164499303,1.59956216716437,0.112380302001604,0.120129615004768,2.08075359361329,0.139441792549917,0.136223359329146,2.12968177410207
"46","HR04",0.0811442654874437,0.12265710576494,1.68911125278349,0.0752084003217988,0.15021980689529,2.1089621172679,0.1270693745011,0.153470081836539,2.18694570234472,0.124309707754146,0.145252535856704,2.11381161807479
"47","HR05",0.310403237667297,0.190897610800339,1.96762771464777,0.188970953650145,0.154323270761601,2.10951092318038,0.125220274092488,0.148936098040557,2.11279826339244,0.129512993706114,0.139224551500174,2.12730160668639
"48","HR05A",0.234111609225714,0.195539282309268,1.92714139416254,0.171293454375844,0.150328342426773,1.98455678388265,0.124449936909516,0.156286322254433,2.04935109042156,0.133423829708176,0.136084321328089,2.08323016770049
"49","HR06",NA,0.345521301898179,1.42373466469112,NA,0.216772835652444,1.59912976770584,0.0535185294064439,0.174982926895454,1.75946036350455,0.131131770250267,0.1451675143149,1.79791644172601
"50","HR06A",NA,0.335463258785942,1.39791262328631,NA,0.202087638627288,1.47854974571214,0.0650035728984347,0.176345151034105,1.7734717567735,0.135152855723552,0.145102626496434,1.80114966182055
"51","HR07",NA,0.321677789723513,1.79191512765673,0.00367035905465378,0.248767227048818,1.80968128665628,0.0627090915463419,0.165289022601955,1.80047470613391,0.101505408635684,0.136749423156271,1.85716412510038
"52","HR07A",NA,0.154591601292109,1.81380563320741,0.0312955930721406,0.228373315439244,1.92140238484868,0.0706293307012054,0.168508760474665,1.9934633453654,0.106842532392648,0.138905122283858,1.98915987790086
"53","HR08",0.045339513842752,0.348018805248023,1.45931714820395,0.0937773637515521,0.184396577251405,1.4894965491649,0.10817244907766,0.156923911875943,1.68459382318316,0.12267501528622,0.137613199149698,1.83418663876967
"54","HR09",0.249291253125333,0.168227853878963,1.80078748341307,0.292266494497492,0.0850089537291106,1.80367761733468,0.243060800390743,0.0836836380739608,1.94970119541275,0.148723733611243,0.0958391151677798,2.16433758974255
"55","HR10",0.252582469129542,0.263662871776668,1.60188958999295,0.252311149181915,0.151098447202601,1.49708861481648,0.170585787824758,0.136606566440579,1.70019066324777,0.127017827376029,0.132358723452988,2.04619913300189
"56","HR11",0.220756171274416,0.0809719883978013,2.03905334124036,0.23083346148518,0.0595315107387011,2.14976708309136,0.18534640166697,0.0623491343491479,2.1834090723173,0.147191968472475,0.0656312312862584,2.21067667406243
"57","HR12",0.228815622622369,0.0385899061628202,1.23963221815125,0.240550186327194,0.060668185076539,1.23639114523632,0.233524244341216,0.132341975490803,1.79270708797075,0.190848777042729,0.121404655143069,2.12490247365881
"58","HR12A",0.455164718115189,0.0481093555831706,1.04730922371888,0.303299181083187,0.116408713590104,1.44309053139945,0.182264692597013,0.139869193104965,1.72479378847989,0.147172087456706,0.121575281999109,2.09156665217764
"59","HR12B",0.0465610451258228,0.0537878711038533,1.08710104276822,0.17685433013825,0.0391391322693224,1.2059066899484,0.266914541013179,0.111062367891585,1.81649711203805,0.224535430225301,0.120173211182887,2.13602437853327
"60","HR12C",0.0873922304493356,0.0441474794603915,1.17556817014353,0.24451796333743,0.0497091371726125,1.71458197124872,0.258306899185408,0.0698986522965909,2.01067121477055,0.209752163656926,0.100390181984186,2.19362306651929
"61","HR13",0.0556772655814189,0.0647193062528526,1.73906378737606,0.135771466044107,0.0674517289628764,2.19592400000903,0.145977288954441,0.0613097603677726,2.28239632752876,0.138211940776173,0.0710667472164668,2.31917254100249
"62","HR14",NA,0.0481375358166189,0.896207877859053,0.179562554013522,0.044870621727416,1.37469123633363,0.284407917648495,0.082045083468641,1.80925085761047,0.233349335405013,0.120324444389301,2.1618606439243
"63","HR15",0.229642139857586,0.0602063173270038,0.750104005310377,0.158571256092369,0.108519466985239,1.65500660249056,0.190642664569696,0.12711056186864,1.89401582059686,0.208540102214,0.129990249426975,2.07966449273712
"64","HR16",0.262564279411317,0.111879139492662,1.90792745090037,0.12726907625418,0.122922515565644,2.05522242264313,0.127266847982471,0.142166891568363,2.1722475919727,0.123413368487892,0.132923932033955,2.26057830299173
"65","HR18",0.118776685834829,0.142792669445543,1.90961924055227,0.0760184940420513,0.152297521249339,2.11818355846352,0.0653003563132685,0.154740470188796,2.17947129975185,0.0593700214285351,0.127551000931454,2.21451427511371
"66","HR19",0.329392971246006,0.0995588011562452,1.79878704623079,0.154848221037447,0.146660989915294,2.17763668110173,0.113711665580328,0.1430840746911,2.21980161909993,0.113999078723345,0.13470012699366,2.2680019295072
"67","HR19A",0.316507434227875,0.117837075802755,1.87888928666012,0.153907060211074,0.138696697643207,2.13469418619697,0.0921291250412674,0.153196921114875,2.20690361311765,0.101633613804675,0.130522087714604,2.2581817279809
"68","HR20A",NA,0.0793546947428212,1.22282614945779,NA,0.104640049211873,1.4216589601908,0.0114495466368476,0.123224664493177,1.80020499056359,0.0148574413502797,0.129261616691184,1.96730152988059
"69","HR21",0.191120983446933,0.159627555988315,1.36790693756254,0.191208056591352,0.0895512903611181,1.64689594883869,0.115991531484167,0.0936675513947894,1.82698220664753,0.112733704694613,0.0931468891865152,1.98319690879947
"70","HR21A",NA,0.133752954423266,1.71681887597267,0.0595326303428064,0.137395800103962,1.92734389000834,0.14104729013522,0.116768774072313,2.00517515886959,0.157034936488511,0.103624142541611,2.08182390624436
"71","HR22",NA,0.110456359570163,1.55720915833754,NA,0.134682008931862,1.86320814378591,NA,0.0959618257908819,1.99219404454865,0.0169450276770376,0.0904781446841,2.07544299320042
"72","HR23",NA,0.0290821501014199,1.70554561942831,0.00778543414661424,0.0391635551195012,1.76054331817054,0.0110887558376378,0.0603501932547124,1.86019982069328,0.00623995531027673,0.0858482967132948,1.91819065567881
"73","HR24",0.152205774214324,0.162814992874784,1.7847531188336,0.0940994207193857,0.135434485878923,2.0394594855267,0.0971270505218277,0.129368939311281,2.09775901488735,0.114402648075421,0.124063796857876,2.17312813519953
"74","HR25",NA,0.145215358321965,1.87393421623174,0.118228692057125,0.121249671149205,2.01597755821248,0.118754073783462,0.108686422832295,2.26029380920189,0.0972536234857804,0.101095261227231,2.33079466318599
"75","HR26",0.225795981296088,0.0474545841828196,1.31322603923404,0.278967147964429,0.0746475418482495,1.91393228649676,0.255204005142103,0.105906634873364,2.14175415923854,0.167740270994296,0.117624172846426,2.31118199771751
"76","HR27",0.112735552445283,0.210181748108481,2.10390402160942,0.175710745377137,0.140528690347588,2.16696528919947,0.174998713913981,0.121628122715784,2.21765993641598,0.190453907049024,0.116296721632201,2.1896848658612
"77","HR28",0.04395693559102,0.123939490752714,2.18704901824488,0.153591269765615,0.158891333442639,2.27574100736445,0.211369387215163,0.126195370251025,2.14801048495418,0.149564311702838,0.107490352059558,2.08367850299676
"78","HR29",0.0383558170199817,0.138873110863171,1.87237671630998,0.0249285441043961,0.103087123450624,2.05668249693728,0.0110889313639527,0.0605546670465679,1.941447911291,0.00624006250560699,0.044424536759265,1.76923961699611
"79","HR31",0.00768321812732335,0.0948864760146666,1.7622648300886,0.0896400621204843,0.0660576622465553,2.02485505951795,0.102264003319573,0.059628515316281,2.0541089152424,0.0602243596473312,0.0673241189484072,2.13969469388956
"80","HR32",0.0420930916615107,0.106546236471889,1.62142699937648,0.0712942181236798,0.0698720702355504,1.80663137892522,0.0795149786987708,0.0571113769367837,1.90994165206898,0.0958092728276831,0.087892528751721,2.11746627689169
"81","HR33",0.193286643778304,0.247544234211848,1.81551466644632,0.265319247370321,0.140220745613812,1.81136799904796,0.220898673014879,0.136975188493168,1.93564305487983,0.205453566205628,0.149352089179557,2.08858130763706
"82","HR34",NA,0.123927376001623,1.75948091336252,NA,0.108033501518752,1.8487041588361,0.0144069573987089,0.139023605702182,2.02913996080331,0.0268863571365629,0.125580372921116,2.07836860266001
"83","HR35",NA,0.0162967396376473,0.344151932188903,NA,0.0091690996005201,0.570034749126035,0.0061021973903128,0.078900609484807,1.44059689061057,0.0577125089155793,0.0985756069751802,2.09203082840978
"84","HR36",NA,0.264156397383234,1.59189160542492,NA,0.177540090640815,1.93070130308827,0.0105158427315639,0.12812289776421,2.07226671445014,0.0300129859140054,0.102243235522233,2.14964910968189
"85","NR01",NA,0.145433429859572,1.64904518357538,NA,0.133002121231763,1.75992579429982,0.0550768143594092,0.130105292912162,2.10112289042769,0.0928054789221325,0.123784752267614,2.3034576587309
"86","NR02",NA,0.0724032839590063,1.48150805988657,0.0348435067204728,0.0769838899304121,1.94975868907174,0.0469904855587402,0.0986109933348032,2.11954401551319,0.0560915646644584,0.10413991746506,2.1739930902442
"87","NR03",0.415727829320131,0.209509944658899,1.37538807440428,0.424619283533679,0.143658030060777,1.58805594092197,0.408139210150523,0.130257663828358,1.78770683828443,0.377134187756032,0.120416401429149,1.8156175366469
"88","NR03A",0.531478250284045,0.15322695179354,1.1962003285144,0.435758507045726,0.137448540841318,1.47261084015419,0.397616366366366,0.122565147979305,1.70602674296237,0.342180199422722,0.1152453113264,1.94623647790381
"89","NR04A",0.547278416496351,0.159227722471004,1.18269184672673,0.585346542203356,0.102905909041806,1.11414270973644,0.573255922415718,0.0941724164247575,1.30970118533696,0.516791299993574,0.102901868513696,1.64149504738265
"90","NR05A",0.551840787945489,0.153891799503984,1.29612743578545,0.706476716535143,0.0990387682812597,1.03486058508364,0.622796042756502,0.0934268125352285,1.39320949722599,0.543401895180353,0.0940047249074393,1.59005170605849
"91","NR06A",0.386625680357514,0.0852799293899228,1.65950278214468,0.315830345488492,0.0845743321992021,1.75656495125986,0.291373460899396,0.133773629600483,1.97465196175728,0.282986094541845,0.11812958703557,2.11905243305747
"92","NR07A",0.289503843891357,0.237083916509463,1.76439756600043,0.366558725446338,0.176806702183903,2.00792799982249,0.301613225087778,0.142796170137953,2.10517803739427,0.318541305139661,0.143187121341055,2.11846016539946
"93","NR08",0.480470414021137,0.19358175953912,1.41753645777677,0.488084541231643,0.149811586927374,1.59450844129712,0.476675212201554,0.121266510453912,1.67576484677777,0.482351395450712,0.106695217556316,1.66883857054291
"94","NR08A",0.451049004244702,0.174737685547222,1.37241222374342,0.473061563763832,0.156380196086905,1.59124616236069,0.466471363736067,0.123325207645985,1.71586829330926,0.467153043172304,0.111305947322326,1.68628734285654
"95","NR08B",0.435271921327173,0.188430347262021,1.38089795808876,0.461206348722172,0.151777316841297,1.54587873831955,0.445804622784661,0.129710244888637,1.74904913834211,0.432828850484722,0.113953230167423,1.71298822529367
"96","NR09",0.516164202946322,0.188970308577804,1.24885907001166,0.472412925396579,0.131476741555613,1.36314697009093,0.501125828825401,0.108778299062874,1.5239303940527,0.504075735124298,0.0987700899830188,1.67493360819774
"97","NR10",0.968606249334341,0.0207127750756949,0.159683309625809,0.931608887171757,0.0329138505570369,0.321402817504163,0.793470905578737,0.0805833865204224,0.810351400634407,0.68462321283656,0.0825650978746661,1.20858646572218
"98","NR12",0.917234664070107,0.0522354754949692,0.339960667995583,0.867920379850439,0.0470631745370064,0.526001488921905,0.846093879403865,0.0425850896220255,0.680209175183008,0.762007696607213,0.0587568550989784,1.00935231836698
"99","NR13",0.970038440862942,0.0180083778767255,0.154760179850416,0.815689404491983,0.0791752666415869,0.716269616067597,0.699193504619852,0.0827288104164876,1.10206466403242,0.614280297029262,0.0878225892140788,1.36114689945597
"100","NR13A",0.834502274490712,0.078539660322435,0.735390665273697,0.68261149710431,0.0551064421961241,1.18710305322495,0.68742466899585,0.0639977160431012,1.1815161446125,0.709322944602129,0.0708028170716732,1.1629502490886
"101","NR14",0.778400965546619,0.0760367962514072,0.819039211527537,0.778545112098733,0.0569739378865884,0.917954097667041,0.771281767755912,0.0489623117225535,0.959658886464334,0.754173824521219,0.0554014761086721,1.02023122229078
"102","NR14A",0.886804604695979,0.0287539936102236,0.500154575685491,0.85320354688618,0.0490982180417396,0.650015947015158,0.81358282572749,0.0494164534957672,0.826471393688542,0.759264849925258,0.054439890732112,1.02495693852928
"103","NR14B",0.513086827971985,0.0818376837759847,1.54439083664925,0.60671212593021,0.061471685403255,1.34065284835868,0.673389387730181,0.0607260991012942,1.21547658746003,0.708686203766829,0.0701946658174765,1.17929466573438
"104","NR15",0.570553453888985,0.0839105873284719,1.43742092413058,0.538429766245452,0.0610522195434714,1.47667943442202,0.641275074451703,0.0740028446542886,1.34252745997396,0.614153472438057,0.0922502205356288,1.43999503436897
"105","NR15A",0.435586524466623,0.0413718957132062,1.23879240470776,0.601666416721104,0.084035087273365,1.4227840269029,0.572834129310033,0.0854956990122653,1.52957048282635,0.519015433636382,0.116735286763288,1.70081679223056
"106","NR16",NA,0.108991231406677,1.41047421651599,NA,0.160066952455877,1.65549597448502,0.0153860677988714,0.166568867874397,1.90023725853011,0.123542851398519,0.139727523868543,2.08719118354262
"107","NR17",NA,0.186354714531336,1.50449827511726,0.119689696673923,0.205443779762926,2.04744216565969,0.230114069988705,0.1517614762504,1.95775449117116,0.294783636938001,0.128301961222206,1.92897173021035
"108","NR17A",NA,0.221440705900251,1.34398642184588,0.119487015900169,0.181825691652888,2.09303337409838,0.231881288755751,0.152978267665613,1.95996452353891,0.275501050104056,0.132804283635619,1.93418929910835
"109","NR17B",0.054971804129985,0.254969775650128,1.50101471219001,0.213338789806732,0.171110006824828,2.02756732344913,0.304142984581535,0.147326218626301,1.92359005429604,0.308335814666076,0.131252004153369,1.86859738662756
"110","NR18",NA,0.110042242021937,1.43564327644374,0.0617600894723799,0.0891953204928606,1.75538506260055,0.0600617882410137,0.131898391414091,2.06509567523724,0.12755961771116,0.134754175856302,2.14851635243102
"111","NR18A",NA,0.0956206415620642,1.09763383274889,0.0240438200176653,0.0948154361349931,1.67179350220926,0.0463976446725301,0.133513781808849,2.05242694468757,0.0750747110969441,0.137505002478175,2.12762538357057
"112","NR19",0.0657186038727215,0.278231409820767,1.88260034859931,0.244394738514329,0.172074728347207,1.94921493818211,0.332126751573993,0.132300191813146,1.91364661690993,0.375489009941969,0.113129946766832,1.85562503257653
"113","NR20",NA,0.30367639227699,1.73278487728878,NA,0.170320745508343,1.87405416422886,NA,0.127058167742402,1.88697362833386,0.00351149219967087,0.120059757084144,2.01329043068294
"114","NR22",0.223158140289667,0.0915655807537831,1.82201454045533,0.153393023950384,0.0752775359509936,2.0759433994084,0.126140579678193,0.0811307517975383,2.1017897265586,0.174295051594471,0.0990520945570434,2.19296790808286
"115","NR23",0.323122730131678,0.229558504270903,1.53540901653047,0.264506436077113,0.147782549949983,1.72593776112481,0.241396075903924,0.122551538742039,1.89920998093615,0.278982377813345,0.108457268909421,1.99839423480015
"116","NR24",0.269337646927578,0.12035637860917,1.75320476696976,0.288899818392321,0.0719021529850888,1.70988119289259,0.254678726063663,0.0753853642156106,1.9457493682247,0.25880476034446,0.0751577078833264,1.99671358756966
"117","NR25",0.10737329058962,0.0761828916933815,1.54274733868916,0.279238803580007,0.066935768809401,1.76496017026652,0.385535827452497,0.0640229614089359,1.81688166538191,0.32620370190688,0.0729351942017053,1.94417685762979
"118","NR27",0.147415449995182,0.0828131101318011,1.53376261260546,0.304873259663593,0.064538759221956,1.63461133469216,0.358176824876732,0.0654028403868136,1.7589941576671,0.396773169403357,0.0612901850701903,1.87129596084868
"119","NR28",0.753901158810254,0.0431016558054619,0.730827794625389,0.846608175762498,0.0443041272819015,0.570416778305605,0.81160693489995,0.057060061913904,0.760191044021872,0.653138113781856,0.0817757581676662,1.30738075787412
"120","NR29",0.508849781925145,0.116654833147378,1.53967348145817,0.554032945817716,0.0728984363382634,1.56748665844478,0.512863753155236,0.0749053782467487,1.63942709100575,0.463403647085135,0.0692285105206581,1.75069496535717
"121","NR30",0.403818555237202,0.136200207916022,1.59377256710645,0.534021053541268,0.0748655082093052,1.34341562277526,0.568110846043393,0.0791677501780727,1.49052044728685,0.538025263751286,0.0721286557186382,1.61836752768858
"122","NR30A",0.548391677909536,0.113353485965855,1.38184898613979,0.601493887946965,0.0831310386550179,1.28715710842829,0.540988740872735,0.0745360330514971,1.58711781164338,0.527250972999077,0.0719704368617925,1.64440355104818
"123","NR31",0.68421212782035,0.0763757524735905,1.08733862418067,0.668081682869449,0.0720311032423783,1.15105550214176,0.69701309016697,0.0693911701439042,1.09560242224322,0.668397382325704,0.0681335279844983,1.22795414972497
"124","NR32",0.187663862307486,0.199804252686454,2.03651366672253,0.271537470228942,0.161106860624423,2.02095978909488,0.317907383245408,0.172695378659569,2.08172195025713,0.328764064102531,0.165512950044919,2.09134282186822
"125","NR43",NA,0.17772953010942,1.70402549005635,NA,0.172268288095008,1.80569217706145,0.0488846602196421,0.168729556249781,1.94384150563043,0.142237711293537,0.139653277386044,2.02330655788362
"126","NR44",NA,0.107884511986041,1.04988826109401,NA,0.157754194204372,1.53122760381296,NA,0.13524162929898,1.96443643249127,0.0260312679343338,0.126174678979402,2.09883162234266
"127","PM01",NA,0.0947360413814088,1.69963853558328,0.0344268816398014,0.0806098418076655,1.72748149546659,0.126469291302971,0.0647856270634526,1.66746410298229,0.139692682397651,0.0590797905320779,1.70926558261821
"128","PM02",NA,0.0611623896946952,1.00243254892573,NA,0.0368202793674517,0.887840829323069,NA,0.0712851013985441,1.26896196211976,0.00612848535135154,0.085081052980872,1.62240796185204
"129","PM03",NA,0.194454869105699,1.87315598764861,NA,0.136456584537606,1.67367583337025,0.0376029663582458,0.0945032033978121,1.69199052165723,0.035313584272015,0.0827458817945062,1.66207249434983
"130","PM04A",0.247952326613414,0.1847850893876,1.987431358924,0.129000444811591,0.129867191967974,1.85353831135238,0.153471173240953,0.113080243675208,1.79493253203328,0.24553952479074,0.0938809816719906,1.77389711049082
"131","PM05",0.664242719283566,0.109138484475073,1.09714000294912,0.614304162038084,0.100014235273483,1.2756119163078,0.612746721962989,0.086649058677343,1.27874299783229,0.616996043155626,0.077212864738784,1.3145150888535
"132","PM07",NA,0.0862198375105233,1.41471625788172,0.00137899654806025,0.0528988159694155,1.44133581094654,0.0386804735433837,0.0543666970625996,1.60009521709174,0.0731875692127191,0.0511552976739436,1.6596952374226
"133","PM08",NA,0.0753861371072053,1.44595415329023,NA,0.0487823477601071,1.45938947909363,0.0368753967854653,0.0511514763669913,1.49047777848534,0.122440799220465,0.0523042947267826,1.67540746417089
"134","PM09",0.129632917235188,0.0804112625476163,1.56511956482951,0.155626251944645,0.0589240139506035,1.61013264547549,0.133659490198052,0.0760129415003706,1.7534047471323,0.168995400219698,0.0711065145474136,1.82796279149757
"135","PM10",0.194297509344396,0.152943801761869,1.90543062376869,0.214115401138302,0.116224742178941,1.98157318526345,0.211791023766007,0.0981914452778072,1.97689077489157,0.227910659624597,0.0852203064585604,1.89145271640863
"136","PM12A",0.642481134371957,0.0870658876987991,1.20486965795392,0.510363655775126,0.0739258860074124,1.3356388265363,0.36561415093113,0.0897701530861741,1.6748946363499,0.260485498820532,0.0855484488756476,1.83762196557181
"137","PM13A",NA,0.140211425498889,1.62090490319968,0.00222038637519065,0.0979079816980173,1.80642549333059,0.0842236300134661,0.114799370903495,1.91234228579142,0.175011945610728,0.102960984458299,1.97294777478149
"138","PM14A",0.0823139808503732,0.210762536514119,1.90425484109068,0.213887165982023,0.133903333062187,1.90398598360842,0.218982616595557,0.110519082510822,2.06223768698146,0.189644394491441,0.0927845940015887,2.09656589465058
"139","PM15",0.696031399912778,0.0369882047485269,0.777459590657886,0.631711055416885,0.0266078318734781,1.01115426995944,0.404674066905151,0.0766284218000262,1.66410281292374,0.286323304481935,0.104315175869678,1.84202998071212
"140","PM16",0.303876873145871,0.121590304013793,1.6127781635984,0.254008034496738,0.0897469298741703,1.79876578424067,0.23692511727455,0.0845993557672848,2.02804824413151,0.215058264988231,0.0820869716807758,2.13433321855486
"141","PM17",0.33576094453686,0.105880025966649,1.69531178251702,0.341853794428678,0.0825200705089019,1.79555611063416,0.342348117896603,0.104404388785622,1.95634270152691,0.337089768232293,0.113808397642557,1.97847726222956
"142","PM18",0.0383708369467647,0.0987113362849362,1.71655058143184,0.0119007978770725,0.0941909262135281,1.80939867458661,0.139508616259724,0.0829346444135782,2.10514711647412,0.225798570429218,0.0886465586816569,2.24809632428884
"143","PM19",0.368905794345125,0.177943451248891,1.53191640171835,0.409402736968391,0.170864808808727,1.78294077372354,0.348976552977969,0.146059412388548,2.07297252507993,0.376131040527063,0.122830452479835,2.07042722522963
"144","PM20",NA,0.16538447885024,1.91008727885653,0.0373188484077469,0.157653198041282,2.12116539485095,0.160092644780082,0.147249120502095,2.14451971096025,0.145703460518028,0.135254464825383,2.35168922821285
"145","PM21",0.0112076353917855,0.0706892442199537,1.37994861281264,0.0366999644146205,0.058686645315439,1.01288917897665,0.0261835778833679,0.0618069472749937,0.923624997861169,0.113877475189254,0.0764431207522056,1.38135688585318
"146","PM22",0.169501582278481,0.150083171048361,1.75579303246503,0.335117300841485,0.128956576002481,1.70583936358954,0.30157254054873,0.110731344135775,1.6584576134282,0.325249775880904,0.103941314836271,1.65975288461095
"147","PM23",NA,0.12941116802759,1.05243316388609,0.169412643865143,0.0866329964618325,1.26728843305347,0.257273106550121,0.0685934986098816,1.29637288962108,0.239043345618118,0.0644259262499384,1.44425805983003
"148","PM24",0.0686544001298332,0.227035744715381,1.62045913055759,0.276534147376769,0.136546297025878,1.72114776165995,0.344830568743153,0.103657716185827,1.65063693187102,0.406052207639509,0.0995371960980427,1.7029446643985
"149","PM25",0.947063059773403,0.0274219233383035,0.243732462834203,0.970774236185247,0.0151657261959229,0.15227729533699,0.883443965434394,0.0344412372252994,0.542025232120753,0.655657286106039,0.0835250590129097,1.27248856108197
"150","PM26",0.970240238564959,0.0163810547776386,0.154382270069296,0.766134884495286,0.0913794352425046,0.91667026629738,0.636429778379023,0.107940942529372,1.40113055415547,0.542022385980004,0.102515877732236,1.71335283279502
"151","PM27",0.126461206087746,0.196396241055263,1.90572275145901,0.467816962628938,0.145893809448763,1.74117160377037,0.4776796666987,0.111293012317903,1.75783336551665,0.436880228618911,0.0994233308742103,1.78007076038326
"152","PM29",NA,NA,0.000126794246622253,0.277771211052434,0.0733520167260849,1.57026790612042,0.381162332126552,0.0723413300529371,1.73617464444636,0.294814682850867,0.0963267422643352,2.06795478926722
"153","PM30",0.811446479644618,0.0655946368080488,0.760116960292808,0.730206076164937,0.0736307659068813,1.01275648881106,0.605354142688197,0.107627245119698,1.37616568767625,0.567319848092214,0.0948523390910601,1.42449284427967
"154","PM31",0.173100524377998,0.18430821660767,1.8183674772275,0.183695646647924,0.15873110691971,2.09754626789586,0.219678759358966,0.158444382132996,2.21036860856027,0.229868686730511,0.146739882528435,2.23463176558342
"155","PM32",0.82693829113924,0.0572003813696852,0.639371878204767,0.635841963182699,0.118195891225769,1.28684169185269,0.630475178287255,0.114440773016227,1.34888609980898,0.592135283982602,0.103217756897557,1.52609608345531
"156","PM40",NA,0.0947360413814088,1.69963853558328,0.0344268816398014,0.0806098418076655,1.72748149546659,0.126469291302971,0.0647856270634526,1.66746410298229,0.139692682397651,0.0590797905320779,1.70926558261821
"157","PM41",NA,0.0611623896946952,1.00243254892573,NA,0.0368202793674517,0.887840829323069,NA,0.0712851013985441,1.26896196211976,0.00612848535135154,0.085081052980872,1.62240796185204
"158","PM42",NA,0.186893659318312,1.61203507944437,0.000244018992811607,0.131851595782538,1.57657667721549,0.0402886710301232,0.0924924276428629,1.65520749851984,0.032008861976059,0.0839622602492844,1.64727524937172
"159","PM43",0.283830592197017,0.210907744660997,1.80873676786792,0.181688200440758,0.122906462165714,1.82595282159128,0.215153543409465,0.111499729217285,1.76688244402912,0.303313499461101,0.0950098045328627,1.75625174196473
"160","PM44",0.657373831633507,0.110793855267095,1.10624528864531,0.621700074729677,0.0960289056423448,1.24349107176653,0.618250017666596,0.0855311992085365,1.26595704029973,0.625435553925338,0.0757117029876144,1.29783944541209
"161","PM45",0.881199368966759,0.0751507834653059,0.442648092061682,0.927331770029042,0.0460806182042336,0.30820979733969,0.860098603484759,0.0488935798062415,0.617095236494706,0.723146220831373,0.0476273643563997,1.02204326991445
"162","PM46",0.288488942305254,0.168849807041832,1.77118400413587,0.326409540803099,0.133610895060316,1.77562745313856,0.304030070206402,0.109797069070685,1.6576898253996,0.320850627125637,0.100955027709833,1.66229918779927
"163","PM47",NA,0.129212542917856,1.21885525798329,0.134913584389143,0.110815836062615,1.38099153421722,0.263431465055944,0.107699909487323,1.64409558728349,0.311961544395894,0.10403278015757,1.67057285318344
"164","PM48",0.259370261621863,0.164006835942452,1.94015054425588,0.444211307575875,0.142210806847022,1.74625325223615,0.458409134850758,0.107990167756437,1.75722642117401,0.430556620391122,0.0952514413455167,1.74730795133679
"165","PM49",0.346184274586173,0.229541950665368,1.61706649542067,0.447514710928663,0.166809857275396,1.6993078023413,0.384730274036491,0.136657009200503,2.01398200700503,0.40047120097396,0.119972056242538,2.01877064706969
"166","PM50",NA,0.16538447885024,1.91008727885653,0.0373188484077469,0.157653198041282,2.12116539485095,0.160092644780082,0.147249120502095,2.14451971096025,0.145703460518028,0.135254464825383,2.35168922821285
"167","PM51",0.642481134371957,0.0870658876987991,1.20486965795392,0.510363655775126,0.0739258860074124,1.3356388265363,0.36561415093113,0.0897701530861741,1.6748946363499,0.260485498820532,0.0855484488756476,1.83762196557181
"168","PM51A",0.428291752676665,0.109851039981336,1.50719795718621,0.429564576396126,0.0781589181769655,1.40135448341314,0.341332920266632,0.0872482804119888,1.60946131003464,0.254255955060398,0.0832927458922912,1.73245890961511
"169","PM52",0.695652835548341,0.0369889418687227,0.777789446077345,0.631761965102077,0.0265858677264749,1.01077198961908,0.404661020542342,0.0766511973940617,1.66402149898293,0.28626355010856,0.10429801888068,1.84238626724613
"170","PM52B",0.467754613547271,0.028338007312707,0.815710410292344,0.543735900613224,0.0434556604073333,1.06806918380731,0.373653956610028,0.0814624781218483,1.70785745973592,0.272677876379277,0.09273987920742,1.99826817305634
"171","PM53",0.304441762098451,0.121435889113169,1.61245894867999,0.254304411871242,0.0897155472293784,1.79792062877133,0.23718266894455,0.0846223685534577,2.02784244290897,0.215185125683773,0.0820950529759926,2.13423315195556
"172","PM54",0.536703249888425,0.112615125573092,1.43327133183776,0.404394523430977,0.11582996862144,1.58287716576274,0.277951491256882,0.100720400570531,2.02752561226841,0.222401681237947,0.0869091346371029,2.06217967768887
"173","PM54A",0.0390474451814438,0.21799123714477,1.89176884296235,0.188604573726364,0.135590118473594,1.96659840778059,0.197221149698717,0.110756032026086,2.07475108424035,0.180543193130175,0.0912808264455448,2.1017075881576
"174","PM55",0.0383749239196592,0.109545546764049,1.66837548093602,0.0170062190904342,0.0962554542554314,1.84221585897909,0.120963479171295,0.087946560565691,2.15062094161076,0.206159900362506,0.092235306094207,2.2873774392472
"175","PM56",0.371874001531619,0.107101741075278,1.69131046215358,0.345082129729895,0.0873279749467466,1.83547486203124,0.338887510112337,0.108193381231842,1.97134731945559,0.33892846758241,0.114896802365347,1.97290677802718
"176","PM57",0.811092627906033,0.0652614922708646,0.761363111432548,0.725694523880335,0.0762686229502363,1.03124008923963,0.604759654196921,0.105417702168845,1.37165705095258,0.561699015428214,0.0941449648262692,1.42758443618429
"177","PM58",0.947532836350728,0.0268928444647294,0.242067455178389,0.970386383913252,0.0151658418421166,0.153914371492693,0.880962058663079,0.0354708960012211,0.545649618113339,0.67478917759219,0.0737588932253061,1.20678298191559
"178","PM59",0.970466639273993,0.0161616776490998,0.153455308263098,0.782563272195313,0.087976725949067,0.871299850771486,0.63759559764641,0.106796308607972,1.40045140314656,0.543136382246566,0.101467597410096,1.70572579190022
"179","PM60",0.408586990698948,0.145418953048453,1.67513115949825,0.491329722200334,0.146224196963496,1.66401746196577,0.544522344555924,0.115190973988825,1.55775038198278,0.518854503346652,0.096983559412618,1.60810024105268
"180","PM61",NA,0.0797760671798461,1.41138169839015,0.0229276940771289,0.0674715484867163,1.63776551312738,0.0613805984915038,0.0569371942332979,1.66299135878703,0.104206524069683,0.0537045037089255,1.65854231625001
"181","PM62",NA,0.0827813897820288,1.63482023710595,0.0136000904893414,0.0473353303687059,1.51101268982077,0.080067747284088,0.0529100409457259,1.58020544673399,0.130475225508239,0.0577972326627866,1.67653006192402
"182","PM63",0.188051526523988,0.0827061568110356,1.56288693985834,0.166901361910233,0.0601535771113676,1.61532347270173,0.139286804527005,0.0795713817314324,1.78189282591365,0.175628731542702,0.0722729516916327,1.84858816808608
"183","PM64",0.194297509344396,0.152943801761869,1.90543062376869,0.214115401138302,0.116224742178941,1.98157318526345,0.211791023766007,0.0981914452778072,1.97689077489157,0.227910659624597,0.0852203064585604,1.89145271640863
"184","PM65",NA,0.0744768813249803,0.742321007164616,0.00154930776827236,0.0671692914236473,0.88284494759391,0.0526221465407973,0.0802722496039728,1.35816892366745,0.043077816780653,0.0901192291810223,1.61619962780045
"185","PM66",0.041113466473279,0.105195094986459,1.49013897364,0.0408732574439503,0.0650647457510799,1.06116024965095,0.0452359739593109,0.063253706773157,0.985467395275067,0.143998371167113,0.0709261282928591,1.35806461248407
"186","PM67",0.0341347641095599,0.125397461318836,1.22501626748768,0.229676935590463,0.0888528798739261,1.31255287243592,0.290521041143872,0.0707418401652064,1.35622499209958,0.25282026794494,0.0625133811816287,1.46618514468719
"187","PM69",NA,0.128888776182989,1.67611678782248,0.038581102033969,0.0968143297968065,1.89717659384838,0.0785695307332681,0.112877276093458,1.89257266651836,0.164625921755009,0.102664579794239,1.96553382461055
"188","PM70",0.173100524377998,0.18430821660767,1.8183674772275,0.183695646647924,0.15873110691971,2.09754626789586,0.219678759358966,0.158444382132996,2.21036860856027,0.229868686730511,0.146739882528435,2.23463176558342
"189","PM71",NA,0.0825586643743566,1.60655527271717,NA,0.0485576580881979,1.27529125664178,0.0215656844039291,0.0547438343579959,1.5636727844798,0.0776208583847458,0.0507500073965226,1.67782493467558
"190","PM72A",0.828464210553006,0.0504728821724689,0.705567639498077,0.647465218159381,0.118610937772056,1.27096742389433,0.597036500196165,0.109735759971327,1.43596854109323,0.587276556852882,0.100691814435817,1.45119335574994
"191","SD01",NA,0.0826452987118369,1.11609027257535,NA,0.118109925977142,1.48339856858025,0.0522550575975903,0.137039072287576,1.68724193760092,0.0861077053364018,0.118562529069268,1.64078314301785
"192","SD02",0.471517045137533,0.027978270683175,0.818538950389216,0.389004697891033,0.0248787395009253,1.11519940704848,0.271644275192387,0.102266585558347,1.72548309457147,0.184942676245334,0.116124266472905,1.89422750678575
"193","SD03",NA,0.428004037678234,1.53287673002001,NA,0.205627777156395,1.43208854457678,0.0460570612554562,0.145913410305217,1.5351998978242,0.13203741048299,0.119732251446445,1.76335777291355
"194","SD04",0.0671771984988335,0.233000304290496,1.55753641868552,0.151522315215526,0.129742817379368,1.40979329217987,0.236329048087469,0.135102269258166,1.6448127873806,0.291732876758087,0.111539309468115,1.70573271882438
"195","SD06",0.111529177907142,0.175168860672197,1.76008230561953,0.176760725374246,0.142242031190228,1.93788701593801,0.199527395246817,0.130059584379169,2.01765540881491,0.191707592985296,0.131167499190381,2.00185639523157
"196","SD08",NA,0.0772343910862719,1.53110885441995,NA,0.077126520486454,1.96169701701389,0.0256561441275616,0.0742170562706445,2.04357283547944,0.0757416022578913,0.0835826336805511,2.12185461192756
"197","SD09",NA,0.0780746059757804,1.49313423388862,0.0705466811729776,0.0784408427217635,1.97916110994701,0.123642738385368,0.0852077916865235,2.03763248436065,0.147507288277294,0.0808706103319841,2.07813950909917
"198","SD10",0.120086007545945,0.0878433202158303,1.65579126757289,0.164838013947157,0.0796718973802373,1.68447695606248,0.135903718259792,0.0777017477607451,1.63886350059272,0.076685387360573,0.0923897102565946,1.65224488006278
"199","SD12",NA,0.15032232213955,1.35481996546438,NA,0.100139173980185,1.33388824075946,NA,0.103120892539651,1.60739188352932,0.0181993617005032,0.0971412046757729,1.81463121964025
"200","SD12A",NA,0.116767074382848,1.33113831907283,NA,0.111596175573848,1.40286343982263,0.00801439504517389,0.112178352936388,1.60879923190786,0.0353616746747562,0.0960913482093776,1.75093909596911
"201","SD13",NA,0.106190920524159,1.32014766854631,NA,0.132122663270792,1.5951219592469,NA,0.110322133506995,1.49776684768868,0.0465925282838556,0.0912518001998472,1.70803429570136
"202","SD14",NA,0.148305557527869,1.52129829286134,NA,0.135704688943885,1.63559743127281,0.00385959596073807,0.105849716028263,1.51210009296312,0.0572332602273602,0.0881038321145823,1.67192949797417
"203","SD15",NA,0.162573917982736,1.62356797934215,NA,0.132640001830131,1.72989144717239,0.00863252250561368,0.100647750117022,1.51797441205761,0.0567475499287709,0.090482913604409,1.58448129454758
"204","SD16",NA,0.0712778797683405,1.29142692335274,NA,0.0660009964716768,1.57603429648527,0.037422571018142,0.0734075083711209,1.80558763410379,0.0792970251168804,0.0733658375814091,2.00228058830765
"205","SD18",NA,0.0933718748415234,1.29311226243928,0.0412215467485539,0.0755618202454838,1.52807739891551,0.0946804938249271,0.0779501901196572,1.7567566601498,0.127083852278284,0.0725218609039838,1.89131454615259
"206","SD18A",0.0208649257251246,0.080310184457304,1.29978291981182,0.1174223360937,0.0743151189804436,1.58312408524034,0.152503346689943,0.0736842759843339,1.69976266899827,0.160645616106809,0.0682566354564588,1.83745344186377
"207","SD19",0.020292854135918,0.0574702149997718,1.63399202221574,0.223636865110687,0.0574220452965348,1.7980813703722,0.236805002006908,0.0524713238245453,1.96210133831166,0.184740878643198,0.0538453365027333,2.02501848270843
"208","SD22",NA,0.216805878862568,1.52694519151268,NA,0.160223985684437,1.7381717022908,NA,0.117040762332041,1.84587096372276,0.00297824311014855,0.0955423698187732,1.86314449172245
"209","SD24",NA,0.198597242155764,1.61520016665933,NA,0.14110473111228,1.71104328789752,0.0183921094616582,0.109632395259616,1.85380481382138,0.056449101196337,0.0979784274395588,1.9964380226304
"210","SD25",NA,0.163822439054077,1.86528009354022,0.00637145061394958,0.153357117709786,1.94330826567346,0.113814106151726,0.133596999720731,2.06790217905613,0.24157311413266,0.143555381223196,2.03960246876102
"211","SD26",NA,0.148354379025306,1.28946267032373,0.0923823043850139,0.141186443478272,1.83304750263183,0.246848541756292,0.116959110610121,1.94472828850803,0.300398483434274,0.10903226996855,1.9033166401062
"212","SD26A",0.00406190732157527,0.0724703090295033,0.985042588525045,0.103235949001586,0.140576070600675,1.81925930640335,0.228987553875168,0.126483969734932,1.98875590732331,0.318552187920223,0.107603218024705,1.88468896982766
"213","SD27",0.225224082744487,0.140592582823113,1.3306789021608,0.274369823195895,0.164963783818821,1.77486773970154,0.255121896616835,0.138340392429995,1.90239341385747,0.257436867469803,0.111696247439498,1.93033752894565
"214","SD28",NA,0.260811359026369,1.08450784230382,0.0369466642266008,0.207931739156957,1.49771411480263,0.190518400765212,0.142696593007828,1.68593168634676,0.251644046185991,0.111355498265608,1.75534940568947
"215","SD29",0.494738176746545,0.016665398757449,0.794387227953426,0.479157849249169,0.0416042298184406,1.01812882565953,0.365079508661517,0.139089134391037,1.77703061832884,0.338551745792794,0.124037772356115,1.91398026542845
"216","SD30",0.0109011591041672,0.0876962487635377,1.18516401952038,0.0991108241526393,0.122724314816039,1.8560524347861,0.209840278637543,0.121446011714671,2.01143977796451,0.330611242479124,0.117728573714528,1.92437039169846
"217","SD31",0.632151731832243,0.0251128353364775,1.1843894030404,0.430518822783314,0.0312986519478572,1.58336837730547,0.309278723499274,0.04667711724566,1.86462094089835,0.184936086879343,0.101538228578082,2.05198377908411
"218","SD31A",0.247736942730071,0.0371065323116401,1.70096985213749,0.24998474935566,0.0436041339413257,1.76887474043403,0.24111178951415,0.0592319346924007,1.91474326031266,0.182235535482451,0.101202233633083,2.06295233373673
"219","SD33",0.722804562028064,0.020817168966444,0.881134796394101,0.451842776511796,0.0591221218333335,1.43906731772056,0.30764651812758,0.0898272546272899,1.83195846622287,0.184940675852451,0.111012633422069,2.05091752321768
"220","SD33A",0.493820273155591,0.022690273206307,0.942627020890135,0.372107298586391,0.0492304133819491,1.41434138988416,0.267799923567628,0.103732635944471,1.86572290249087,0.184940617018021,0.115375377496215,2.0654783757268
"221","SD35",0.112512424187103,0.0617355321608958,1.32191405544232,0.163344335048618,0.0722122598167115,1.63595177674003,0.112695133850487,0.0838141368093644,1.58499390998657,0.075333372993137,0.0817849838439321,1.486471931582
"222","SD36",NA,0.124512513629333,0.88760262923991,NA,0.096709008762844,0.928667423452929,NA,0.130448055328957,1.42086805788242,0.0166520966785517,0.114496883676778,1.54495778656911
"223","SD37",NA,0.318490233067608,1.40046462863996,NA,0.234458681456666,1.6863919240439,0.0392023516775488,0.188975946182764,1.96377817878657,0.0770340541871514,0.143123914790409,1.92530615347274
"224","SD39",NA,0.0864191896140778,0.642014623762413,NA,0.104834722665281,1.44880781300724,0.00755478547948071,0.0891418331265246,1.64367588963763,0.038886672634647,0.0895502446044813,1.90765314325921
"225","SD40",NA,0.156207837528024,1.42944772491112,NA,0.116612179943463,1.38632050527896,0.03105730520848,0.100319590327375,1.64074131480872,0.0694480631548474,0.0842855711279401,1.75168423958202
"226","SD41",0.984001055098459,0.0102567744422689,0.0924735511427436,0.717029597515979,0.024978742712468,1.03414768798998,0.328664089791492,0.0689090794992563,1.88331033928015,0.184942440902749,0.0833746370942343,1.97889450663263
"227","W01",0.009099732451433,0.0320852868829308,0.730038028386221,0.0364176885916016,0.0400826989800544,0.847301945961296,0.02067262997982,0.0451052082624765,1.06808253552533,0.0116240006017745,0.0413713573201657,1.05658582267382
"228","W02",0.140894499018678,0.117018201366244,1.62922689323554,0.0464404051517536,0.0772635702151828,1.13256835057088,0.0206571849834517,0.0547053735643089,0.856776292507799,0.0116185568127007,0.0459300803030911,0.898837054374795
"229","W05",0.0385676467903401,0.0877547087521427,1.47317430195897,0.0424958377286072,0.0597803845811675,1.24130900693542,0.0206322688027808,0.0539638860334323,1.03585396054467,0.0153456750679526,0.0521125428078237,0.911661751902738
"230","W06",NA,0.0971556113979846,1.49131950565983,0.0137718137557674,0.0589218149656087,1.281849182373,0.00718447876456615,0.056576709319735,1.27275583626099,0.00790837300782689,0.0507845188783957,1.22995217829005
"231","W08",0.0254377187323808,0.111350972454323,1.8027914429087,0.0161463227916594,0.0778970740273993,1.51497237788124,0.00718552369094948,0.0656215956197564,1.43587633007498,0.00404161620084257,0.0555910827883555,1.53419818897048
"232","W09",0.0515530312634702,0.0772484089353178,1.48595355157514,0.0161698258340253,0.0876356930725853,1.7563452155401,0.00718521058773065,0.0599897459229858,1.58140341523977,0.0156549157715112,0.0502197424078497,1.51600491650637
"233","W10",0.11714974007861,0.023334601242551,0.655497745031855,0.0464489226152721,0.0502138466672271,1.0183245402172,0.0206547280914836,0.0434299229348529,1.07681462173422,0.0116190676454096,0.0382863077942601,1.05347501369073
"234","W11",NA,0.0242368609233235,0.914083639830389,0.00788242642091443,0.0278268517456311,1.09924114336925,0.0183666450801788,0.0301355302825564,1.11707476940698,0.0116201783062815,0.0374408141676385,1.11642765217507
"235","W12",NA,0.123301148119599,1.38322712294789,NA,0.0706790507985019,1.48296413415686,0.00577505175380513,0.0687255473519751,1.65225687825093,0.0149510644115141,0.0614234019345066,1.66116959252991
"236","W13",NA,0.134122778101783,1.88748453052598,0.000540131105705564,0.0872877284754577,1.87709830392127,0.0392197326099505,0.0646284022350538,1.78564980036999,0.0655880873532164,0.0576387295917117,1.67808037963671
"237","W14",NA,0.0413536694851207,0.742960548843182,NA,0.0505641969440074,1.27241804790156,NA,0.058436991134431,1.42728655310129,0.0192278018565411,0.0702688411682904,1.61657633131157
"238","W15",NA,0.0680731292948246,1.3667934507795,NA,0.0518408186556286,1.46691288907728,0.0296146634021531,0.0794670875635486,1.70950789069457,0.0596177156473796,0.065279443626102,1.5762056680541
"239","W15A",NA,0.0934760009128021,0.97631093883842,NA,0.0708676929647066,1.04264759575187,0.00446717794428408,0.0604827175275962,1.13515015594561,0.0357769904533824,0.0549796606686291,1.22299149017494
"240","W16",NA,0.154792936618218,2.01777705668722,0.0712130609173958,0.0779158554006172,2.0586321443026,0.107770304838993,0.0673169385963375,1.87368148067303,0.0949337692092835,0.053901473626345,1.65047591375089
"241","W17",0.134474922902126,0.0875162311313098,1.56698187730141,0.200276571379184,0.0689356704631681,1.56435118019815,0.160579101227388,0.0704095644755803,1.75526614672421,0.109322991244197,0.0614426858043247,1.60839120732131
"242","W17A",NA,0.115836929677318,0.596069809397319,0.0449538590977201,0.0758347747731718,0.892923589237775,0.0988217975092728,0.058466906479294,1.24134049094267,0.104954623786381,0.0550660799958771,1.56176923390267
"243","W18",NA,0.11727656294373,1.80497075974916,NA,0.0952060191657558,1.85109439561416,0.0401723270369135,0.0682376620513023,1.85827694286784,0.0663526424801229,0.0599483944041972,1.69081037458495
"244","W18A",NA,0.0490984250970049,1.22449188816807,0.00421466846980589,0.0898591212746703,1.85574644565334,0.0732809159252362,0.0808812139672719,1.9537946092369,0.0785381840371423,0.0632007480372453,1.66176608609228
"245","W19",NA,0.0281568710981281,0.869281257213553,0.0308492601922153,0.0466405533116598,1.6313861626111,0.0965954990692076,0.0512481323381515,1.76182372048545,0.0635666188988619,0.0529913871528585,1.80218986422167
"246","W20",NA,0.0740479655954114,1.55856385072088,NA,0.0391785258512429,1.54369344572369,0.0407639221424012,0.0363202792371633,1.49835367433828,0.0556433946453715,0.0436740903246003,1.66945730104381
"247","W21",0.474705566094199,NA,0.691867017420848,0.237430252805776,0.045471993085654,1.47137871773986,0.105718845523501,0.0418368552596543,1.90654995410816,0.0594911520260866,0.0334264922257128,1.92941192966754
"248","W22",0.315447509104373,0.0536067519451404,1.65510841450565,0.213389919048872,0.0286868733087518,1.80542380034126,0.10571741115216,0.0249291224182329,1.84531645791225,0.0594909627678442,0.0243641806523859,1.81852750981008
"249","W22A",0.193710028351025,0.0479482276805413,1.69876316572106,0.185594839122925,0.0269443840766201,1.80428322895014,0.105717829506447,0.0227091822659207,1.83038862545339,0.0594895812191542,0.0237381889626011,1.77894044421246
"250","W23",0.420503535092257,0.0456518872422223,1.68393297515923,0.233960700682356,0.0351192692731494,1.81287019625344,0.105717769741346,0.0286682770937012,1.88259054348223,0.059489940794143,0.0271559269958794,1.91014159568378
"251","W23A",0.245934062590333,0.0618803470817042,1.93762033650052,0.174166670903,0.0319669464341089,1.84759575644362,0.105715976819741,0.0276196931572333,1.87611192340081,0.0594894487452541,0.0286731361729811,1.92010201853957
"252","W24",NA,0.0602816558565046,1.11820349712925,NA,0.0517006941296897,1.06523997545413,0.00492964560533298,0.0450418640759998,0.952645190794442,0.00637472213239357,0.0518982208834217,1.17254284438073
"253","W25",NA,0.0225120826846128,0.146783608755935,NA,0.0365584756414509,0.333728463613259,NA,0.0447797392441903,0.905490472309105,NA,0.044059872311443,1.19104883525596
"254","W26",NA,0.0620496255014021,1.64192559783141,NA,0.0308647231439672,1.52706551706082,NA,0.02503203908797,1.53921876362678,NA,0.0299355556220069,1.64591812255316
"255","W28",NA,0.0355907620216445,0.192576342771164,NA,0.0298385292741952,0.226661035045457,NA,0.0448288806149873,0.805704754199019,4.35965568266798e-05,0.0541516969243743,1.35049333925159
"256","W29",NA,0.0722602566053045,1.25110367392119,NA,0.0341709475139736,1.08295385228122,NA,0.0312586034085185,1.25790365699882,NA,0.022685100206046,1.39745939637525
"257","W30",NA,0.0608324710369874,1.01768077182899,NA,0.0299139541682024,1.14368807483195,NA,0.0305157471634754,1.29609408028088,0.0250740996302415,0.0312817033005313,1.53004419067669
"258","W31",NA,0.085304066904355,1.88012215914144,0.0161370063228799,0.063640580815302,1.84356560976327,0.0159342235793913,0.0575668179711467,1.71847438706722,0.0495279160122765,0.054519636796768,1.7185559308381
"259","W32",NA,0.0150078868753265,0.113829696861012,NA,0.0174040476835064,0.229152829217872,0.0208329798773253,0.0435169381774338,1.12355091186804,0.0156586100698437,0.0588817371419836,1.4559780536862
"260","W33",0.00288574674402564,0.0651854181036232,1.06904571934335,0.0842201454740489,0.036909941065598,1.31936882386384,0.0979258497944167,0.0427154300290186,1.72539979681461,0.0635635434908958,0.0497333004852728,1.90600080189789
"261","W34",NA,0.0432698890866767,0.338894288732217,NA,0.040986367108218,0.499521094094294,NA,0.0397188098885755,1.24423087737325,0.0304388798838472,0.0424551736166033,1.61102035484951
"262","W35",0.0259306217669135,0.0372552997261386,1.38894475109298,0.117108987451655,0.0302657483442362,1.77226784854859,0.0981330707210268,0.0280282481595845,1.7894716995773,0.0594904896275064,0.0238553036352242,1.76803360911475
"263","W35A",NA,0.0139512947166635,1.17055508689119,0.0547181921593299,0.0301946504489734,1.69763522110555,0.0789722130513633,0.0274782801398393,1.72141374376429,0.0594404181736683,0.0214094178151374,1.7209568255934
"264","W36",NA,0.0472601871339098,1.04384661750746,NA,0.0382797983828946,0.963686157610752,0.00799404378676666,0.0504456410679997,0.896739211941239,0.0124369558533423,0.0568286924311376,0.973681738096331
"265","W40",NA,0.0180540200622762,0.821774395058436,NA,0.0246704568419527,0.965848075819468,NA,0.04705737361083,1.20418673045123,0.012954260133079,0.0515311981950553,1.38897161655352
"266","HR14A",0.161880027999554,0.0388848873423757,1.71273151453891,0.321371240901332,0.0428754268922751,1.56143702687662,0.25686138831037,0.0810799351455494,1.98236390726335,0.216738336009335,0.0905877798070925,2.20615985156498
"267","W07",NA,0.0816681543392705,1.80797805520064,0.00634952912319052,0.0529758651805345,1.73025787796175,0.00832585510501468,0.0571862522738621,1.78689971059922,0.0420181735826379,0.0548447873419631,1.7166681430872
"268","PM53A",0.232888731108632,0.127462217263414,1.61793326893869,0.226757058355512,0.0886809575011629,1.82575774376895,0.222150174854627,0.0842060989384351,2.02970918410101,0.214292803970223,0.0816816186295094,2.14050030573431
"269","PM52A",0.678292706426438,0.0377077195348908,0.796431625149558,0.62246137735053,0.0272061552226363,1.02567103213082,0.408709018015227,0.0744487684205528,1.6725836039278,0.292020866086375,0.106597986813315,1.8292397187085
"270","PM57A",0.811382575661515,0.065585993173092,0.760341055479435,0.728812439152726,0.0738034534561252,1.01615067527782,0.604636714037454,0.107647655411723,1.37743965010017,0.566655086870738,0.0948884744764119,1.42544047867392
"271","PM58A",0.947078274452525,0.0274117802188885,0.243678204054535,0.970777759984138,0.0151627228335608,0.152262599949151,0.883432794306867,0.0344542385299525,0.542204124145628,0.655484836020071,0.0836097057870085,1.27309428980619
"272","W05A",0.0428104160856006,0.0833641826618322,1.42560215959968,0.0452642575548455,0.0562816612145197,1.21094764418851,0.0206345335488693,0.0522842608000444,1.02957526554949,0.0156620917872611,0.0513982668041127,0.954751200332138
